{"projectName":"BikeRental","value":{"definition":[{"_type":"org.uengine.modeling.model.Event","name":"VoucherBought","namePascalCase":"VoucherBought","nameCamelCase":"voucherBought","namePlural":"voucherBoughts","aggregate":{},"boundedContext":{},"fieldDescriptors":[{"_type":"org.uengine.model.FieldDescriptor","name":"id","className":"Long","nameCamelCase":"id","namePascalCase":"Id","isKey":true},{"_type":"org.uengine.model.FieldDescriptor","name":"userId","namePascalCase":"UserId","nameCamelCase":"userId","className":"Long","isKey":false},{"_type":"org.uengine.model.FieldDescriptor","name":"voucherCnt","namePascalCase":"VoucherCnt","nameCamelCase":"voucherCnt","className":"Long","isKey":false}],"elementView":{"_type":"org.uengine.modeling.model.Event","id":"d0b1c1e7-1226-afaf-0a7e-4ab19d03eda3","x":1967,"y":659,"width":100,"height":100,"style":"{}","angle":0},"alertURL":"/static/image/symbol/alert-icon.png","checkAlert":true,"relationPolicyInfo":[],"relationCommandInfo":[],"trigger":"@PostPersist","selected":false},{"_type":"org.uengine.modeling.model.Event","name":"Rented","namePascalCase":"Rented","nameCamelCase":"rented","namePlural":"renteds","aggregate":{},"boundedContext":{},"fieldDescriptors":[{"_type":"org.uengine.model.FieldDescriptor","name":"id","className":"Long","nameCamelCase":"id","namePascalCase":"Id","isKey":true},{"_type":"org.uengine.model.FieldDescriptor","name":"userId","namePascalCase":"UserId","nameCamelCase":"userId","className":"Long","isKey":false},{"_type":"org.uengine.model.FieldDescriptor","name":"bikeId","namePascalCase":"BikeId","nameCamelCase":"bikeId","className":"Long","isKey":false},{"_type":"org.uengine.model.FieldDescriptor","name":"voucherId","namePascalCase":"VoucherId","nameCamelCase":"voucherId","className":"Long","isKey":false}],"elementView":{"_type":"org.uengine.modeling.model.Event","id":"1f4f9ca6-8f40-069b-be83-5e56993167ec","x":1180,"y":1581,"width":100,"height":100,"style":"{}","angle":0},"alertURL":"/static/image/symbol/alert-icon.png","checkAlert":true,"relationPolicyInfo":[],"relationCommandInfo":[],"trigger":"@PostUpdate","selected":false},{"_type":"org.uengine.modeling.model.Event","name":"RentalCancelled","namePascalCase":"RentalCancelled","nameCamelCase":"rentalCancelled","namePlural":"rentalCancelleds","aggregate":{},"boundedContext":{},"fieldDescriptors":[{"_type":"org.uengine.model.FieldDescriptor","name":"id","className":"Long","nameCamelCase":"id","namePascalCase":"Id","isKey":true},{"_type":"org.uengine.model.FieldDescriptor","name":"userId","namePascalCase":"UserId","nameCamelCase":"userId","className":"Long","isKey":false},{"_type":"org.uengine.model.FieldDescriptor","name":"voucherId","namePascalCase":"VoucherId","nameCamelCase":"voucherId","className":"Long","isKey":false},{"_type":"org.uengine.model.FieldDescriptor","name":"bikeId","namePascalCase":"BikeId","nameCamelCase":"bikeId","className":"Long","isKey":false}],"elementView":{"_type":"org.uengine.modeling.model.Event","id":"e1ee5d23-a8c6-0c1e-9b32-a5c8b5e8d16b","x":1183,"y":1707,"width":100,"height":100,"style":"{}","angle":0},"alertURL":"/static/image/symbol/alert-icon.png","checkAlert":true,"relationPolicyInfo":[],"relationCommandInfo":[],"trigger":"@PreRemove","selected":false},{"_type":"org.uengine.modeling.model.Event","name":"VoucherMinus","namePascalCase":"VoucherMinus","nameCamelCase":"voucherMinus","namePlural":"voucherMinuses","aggregate":{},"boundedContext":{},"fieldDescriptors":[{"_type":"org.uengine.model.FieldDescriptor","name":"id","className":"Long","nameCamelCase":"id","namePascalCase":"Id","isKey":true},{"_type":"org.uengine.model.FieldDescriptor","name":"userId","namePascalCase":"UserId","nameCamelCase":"userId","className":"Long","isKey":false},{"_type":"org.uengine.model.FieldDescriptor","name":"voucherCnt","namePascalCase":"VoucherCnt","nameCamelCase":"voucherCnt","className":"Long","isKey":false}],"elementView":{"_type":"org.uengine.modeling.model.Event","id":"5ff9c9e9-d33b-0731-dc9f-bc9f25a3418b","x":1964,"y":807,"width":100,"height":100,"style":"{}","angle":0},"alertURL":"/static/image/symbol/alert-icon.png","checkAlert":true,"relationPolicyInfo":[],"relationCommandInfo":[],"trigger":"@PostUpdate","selected":false},{"_type":"org.uengine.modeling.model.Event","name":"UserRegistered","namePascalCase":"UserRegistered","nameCamelCase":"userRegistered","namePlural":"userRegistereds","aggregate":{},"boundedContext":{},"fieldDescriptors":[{"_type":"org.uengine.model.FieldDescriptor","name":"id","className":"Long","nameCamelCase":"id","namePascalCase":"Id","isKey":true},{"_type":"org.uengine.model.FieldDescriptor","name":"userName","namePascalCase":"UserName","nameCamelCase":"userName","className":"String","isKey":false}],"elementView":{"_type":"org.uengine.modeling.model.Event","id":"7b2e3d87-2bb4-d1f8-cf11-2c7e047e93b3","x":1078,"y":584,"width":100,"height":100,"style":"{}","angle":0},"alertURL":"/static/image/symbol/alert-icon.png","checkAlert":true,"relationPolicyInfo":[],"relationCommandInfo":[],"trigger":"@PostPersist","selected":false},{"_type":"org.uengine.modeling.model.Event","name":"UserDeleted","namePascalCase":"UserDeleted","nameCamelCase":"userDeleted","namePlural":"userDeleteds","aggregate":{},"boundedContext":{},"fieldDescriptors":[{"_type":"org.uengine.model.FieldDescriptor","name":"id","className":"Long","nameCamelCase":"id","namePascalCase":"Id","isKey":true}],"elementView":{"_type":"org.uengine.modeling.model.Event","id":"4b609ece-70e6-f8e6-140a-401f99e58e10","x":1079,"y":834,"width":100,"height":100,"style":"{}","angle":0},"alertURL":"/static/image/symbol/alert-icon.png","checkAlert":true,"relationPolicyInfo":[],"relationCommandInfo":[],"trigger":"@PreRemove","selected":false},{"_type":"org.uengine.modeling.model.Event","name":"BikeRegistered","namePascalCase":"BikeRegistered","nameCamelCase":"bikeRegistered","namePlural":"bikeRegistereds","aggregate":{},"boundedContext":{},"fieldDescriptors":[{"_type":"org.uengine.model.FieldDescriptor","name":"id","className":"Long","nameCamelCase":"id","namePascalCase":"Id","isKey":true},{"_type":"org.uengine.model.FieldDescriptor","name":"status","namePascalCase":"Status","nameCamelCase":"status","className":"String","isKey":false},{"_type":"org.uengine.model.FieldDescriptor","name":"bikeName","namePascalCase":"BikeName","nameCamelCase":"bikeName","className":"String","isKey":false}],"elementView":{"_type":"org.uengine.modeling.model.Event","id":"8ae50bb3-e855-4e9c-e547-f4f5b598ab84","x":2477,"y":1424,"width":100,"height":100,"style":"{}","angle":0},"alertURL":"/static/image/symbol/alert-icon.png","checkAlert":true,"relationPolicyInfo":[],"relationCommandInfo":[],"trigger":"@PostPersist","selected":false},{"_type":"org.uengine.modeling.model.Event","name":"BikeDeleted","namePascalCase":"BikeDeleted","nameCamelCase":"bikeDeleted","namePlural":"bikeDeleteds","aggregate":{},"boundedContext":{},"fieldDescriptors":[{"_type":"org.uengine.model.FieldDescriptor","name":"id","className":"Long","nameCamelCase":"id","namePascalCase":"Id","isKey":true}],"elementView":{"_type":"org.uengine.modeling.model.Event","id":"56c3152f-a609-79c3-5cf8-ae26eb514eb7","x":2477,"y":1808,"width":100,"height":100,"style":"{}","angle":0},"alertURL":"/static/image/symbol/alert-icon.png","checkAlert":true,"relationPolicyInfo":[],"relationCommandInfo":[],"trigger":"@PreRemove","selected":false},{"_type":"org.uengine.modeling.model.Event","name":"BikeRented","namePascalCase":"BikeRented","nameCamelCase":"bikeRented","namePlural":"bikeRenteds","aggregate":{},"boundedContext":{},"fieldDescriptors":[{"_type":"org.uengine.model.FieldDescriptor","name":"id","className":"Long","nameCamelCase":"id","namePascalCase":"Id","isKey":true},{"_type":"org.uengine.model.FieldDescriptor","name":"status","namePascalCase":"Status","nameCamelCase":"status","className":"String","isKey":false},{"_type":"org.uengine.model.FieldDescriptor","name":"bikeName","namePascalCase":"BikeName","nameCamelCase":"bikeName","className":"String","isKey":false}],"elementView":{"_type":"org.uengine.modeling.model.Event","id":"ada4ac3c-1179-df84-861d-968ceb0576f4","x":2478,"y":1546,"width":100,"height":100,"style":"{}","angle":0},"alertURL":"/static/image/symbol/alert-icon.png","checkAlert":true,"relationPolicyInfo":[],"relationCommandInfo":[],"trigger":"@PostUpdate","selected":false},{"_type":"org.uengine.modeling.model.Event","name":"UserUpdated","namePascalCase":"UserUpdated","nameCamelCase":"userUpdated","namePlural":"userUpdateds","aggregate":{},"boundedContext":{},"fieldDescriptors":[{"_type":"org.uengine.model.FieldDescriptor","name":"id","className":"Long","nameCamelCase":"id","namePascalCase":"Id","isKey":true},{"_type":"org.uengine.model.FieldDescriptor","name":"userName","namePascalCase":"UserName","nameCamelCase":"userName","className":"String","isKey":false}],"elementView":{"_type":"org.uengine.modeling.model.Event","id":"e9a49184-f44c-563c-965b-a32ac285f04b","x":1078,"y":705,"width":100,"height":100,"style":"{}","angle":0},"alertURL":"/static/image/symbol/alert-icon.png","checkAlert":true,"relationPolicyInfo":[],"relationCommandInfo":[],"trigger":"@PostUpdate","selected":false},{"_type":"org.uengine.modeling.model.Command","name":"rent","namePlural":"rents","namePascalCase":"Rent","nameCamelCase":"rent","aggregate":{},"boundedContext":{},"elementView":{"_type":"org.uengine.modeling.model.Command","id":"595c5546-7a55-3fec-9744-0104b8ff167a","x":1004,"y":1581,"width":100,"height":100,"style":"{}","z-index":999},"isRestRepository":true,"controllerInfo":{"apiPath":"","method":"GET"},"restRepositoryInfo":{"method":"GET"},"relationEventInfo":[],"selected":false},{"_type":"org.uengine.modeling.model.Command","name":"rentalCancel","namePlural":"rentalCancels","namePascalCase":"RentalCancel","nameCamelCase":"rentalCancel","aggregate":{},"boundedContext":{},"elementView":{"_type":"org.uengine.modeling.model.Command","id":"90d1c901-c47b-cf03-12f6-cc2f2fea11ad","x":1003,"y":1707,"width":100,"height":100,"style":"{}","z-index":999},"isRestRepository":true,"controllerInfo":{"apiPath":"","method":"GET"},"restRepositoryInfo":{"method":"GET"},"relationEventInfo":[],"selected":false},{"_type":"org.uengine.modeling.model.Command","name":"bikeRegister","namePlural":"bikeRegisters","namePascalCase":"BikeRegister","nameCamelCase":"bikeRegister","aggregate":{},"boundedContext":{},"elementView":{"_type":"org.uengine.modeling.model.Command","id":"fb07f05d-0988-ca4c-c83b-d72c34ddd041","x":2294,"y":1423,"width":100,"height":100,"style":"{}","z-index":999},"isRestRepository":true,"controllerInfo":{"apiPath":"","method":"GET"},"restRepositoryInfo":{"method":"GET"},"relationEventInfo":[],"selected":false},{"_type":"org.uengine.modeling.model.Command","name":"bikeDelete","namePlural":"bikeDeletes","namePascalCase":"BikeDelete","nameCamelCase":"bikeDelete","aggregate":{},"boundedContext":{},"elementView":{"_type":"org.uengine.modeling.model.Command","id":"8cb60bc4-9eaa-c5b8-133b-1f1901690f9f","x":2293,"y":1809,"width":100,"height":100,"style":"{}","z-index":999},"isRestRepository":true,"controllerInfo":{"apiPath":"","method":"GET"},"restRepositoryInfo":{"method":"GET"},"relationEventInfo":[],"selected":false},{"_type":"org.uengine.modeling.model.Command","name":"userRegister","namePlural":"userRegisters","namePascalCase":"UserRegister","nameCamelCase":"userRegister","aggregate":{},"boundedContext":{},"elementView":{"_type":"org.uengine.modeling.model.Command","id":"1cfd4ac9-10fa-8d88-94e8-3087f493b8e7","x":917,"y":582,"width":100,"height":100,"style":"{}","z-index":999},"isRestRepository":true,"controllerInfo":{"apiPath":"","method":"GET"},"restRepositoryInfo":{"method":"POST"},"relationEventInfo":[],"selected":false},{"_type":"org.uengine.modeling.model.Command","name":"userUpdate","namePlural":"userUpdates","namePascalCase":"UserUpdate","nameCamelCase":"userUpdate","aggregate":{},"boundedContext":{},"elementView":{"_type":"org.uengine.modeling.model.Command","id":"973b2a33-1d42-65db-eea5-f5e3e30b2da2","x":915,"y":705,"width":100,"height":100,"style":"{}","z-index":999},"isRestRepository":true,"controllerInfo":{"apiPath":"","method":"GET"},"restRepositoryInfo":{"method":"PUT"},"relationEventInfo":[],"selected":false},{"_type":"org.uengine.modeling.model.Command","name":"userDelete","namePlural":"userDeletes","namePascalCase":"UserDelete","nameCamelCase":"userDelete","aggregate":{},"boundedContext":{},"elementView":{"_type":"org.uengine.modeling.model.Command","id":"e9893d71-c0b6-c25a-ddcd-3ff4ad81590e","x":917,"y":835,"width":100,"height":100,"style":"{}","z-index":999},"isRestRepository":true,"controllerInfo":{"apiPath":"","method":"GET"},"restRepositoryInfo":{"method":"DELETE"},"relationEventInfo":[],"selected":false},{"_type":"org.uengine.modeling.model.Aggregate","name":"User","namePlural":"users","namePascalCase":"User","nameCamelCase":"user","elementView":{"_type":"org.uengine.modeling.model.Aggregate","id":"fe9916b2-2e24-9003-3ea5-397b6c510af1","x":1003,"y":704,"width":100,"height":400,"style":"{}"},"boundedContext":{},"aggregateRoot":{"_type":"org.uengine.modeling.model.AggregateRoot","fieldDescriptors":[{"_type":"org.uengine.model.FieldDescriptor","name":"id","className":"Long","nameCamelCase":"id","namePascalCase":"Id","isKey":true},{"_type":"org.uengine.model.FieldDescriptor","name":"userName","namePascalCase":"UserName","nameCamelCase":"userName","className":"String","isKey":false}]},"events":[],"commands":[],"selected":false},{"_type":"org.uengine.modeling.model.Aggregate","name":"Voucher","namePlural":"vouchers","namePascalCase":"Voucher","nameCamelCase":"voucher","elementView":{"_type":"org.uengine.modeling.model.Aggregate","id":"626d5907-6249-342e-eb83-68e7e9d6e8a9","x":1879,"y":844,"width":100,"height":552,"style":"{}"},"boundedContext":{},"aggregateRoot":{"_type":"org.uengine.modeling.model.AggregateRoot","fieldDescriptors":[{"_type":"org.uengine.model.FieldDescriptor","name":"id","className":"Long","nameCamelCase":"id","namePascalCase":"Id","isKey":true},{"_type":"org.uengine.model.FieldDescriptor","name":"userId","namePascalCase":"UserId","nameCamelCase":"userId","className":"Long","isKey":false},{"_type":"org.uengine.model.FieldDescriptor","name":"voucherCnt","namePascalCase":"VoucherCnt","nameCamelCase":"voucherCnt","className":"Long","isKey":false}]},"events":[],"commands":[],"selected":false},{"_type":"org.uengine.modeling.model.Aggregate","name":"Rental","namePlural":"rentals","namePascalCase":"Rental","nameCamelCase":"rental","elementView":{"_type":"org.uengine.modeling.model.Aggregate","id":"e9f277a6-249a-3b0e-a38d-ac3c148ddb60","x":1089,"y":1580,"width":100,"height":392,"style":"{}"},"boundedContext":{},"aggregateRoot":{"_type":"org.uengine.modeling.model.AggregateRoot","fieldDescriptors":[{"_type":"org.uengine.model.FieldDescriptor","name":"id","className":"Long","nameCamelCase":"id","namePascalCase":"Id","isKey":true},{"_type":"org.uengine.model.FieldDescriptor","name":"userId","namePascalCase":"UserId","nameCamelCase":"userId","className":"Long","isKey":false},{"_type":"org.uengine.model.FieldDescriptor","name":"voucherId","namePascalCase":"VoucherId","nameCamelCase":"voucherId","className":"Long","isKey":false},{"_type":"org.uengine.model.FieldDescriptor","name":"bikeId","namePascalCase":"BikeId","nameCamelCase":"bikeId","className":"Long","isKey":false}]},"events":[],"commands":[],"selected":false},{"_type":"org.uengine.modeling.model.Aggregate","name":"Bike","namePlural":"bikes","namePascalCase":"Bike","nameCamelCase":"bike","elementView":{"_type":"org.uengine.modeling.model.Aggregate","id":"8acebb83-58ea-9198-09af-beaf82771269","x":2387,"y":1596,"width":100,"height":568,"style":"{}"},"boundedContext":{},"aggregateRoot":{"_type":"org.uengine.modeling.model.AggregateRoot","fieldDescriptors":[{"_type":"org.uengine.model.FieldDescriptor","name":"id","className":"Long","nameCamelCase":"id","namePascalCase":"Id","isKey":true},{"_type":"org.uengine.model.FieldDescriptor","name":"status","namePascalCase":"Status","nameCamelCase":"status","className":"String","isKey":false},{"_type":"org.uengine.model.FieldDescriptor","name":"bikeName","namePascalCase":"BikeName","nameCamelCase":"bikeName","className":"String","isKey":false}]},"events":[],"commands":[],"selected":false},{"_type":"org.uengine.modeling.model.View","name":"MyPage","aggregate":{},"namePascalCase":"MyPage","namePlural":"myPages","boundedContext":{},"fieldDescriptors":[{"_type":"org.uengine.model.FieldDescriptor","name":"userId","namePascalCase":"UserId","nameCamelCase":"userId","className":"Long","isKey":true},{"_type":"org.uengine.model.FieldDescriptor","name":"voucherId","namePascalCase":"VoucherId","nameCamelCase":"voucherId","className":"Long","isKey":false},{"_type":"org.uengine.model.FieldDescriptor","name":"rentalId","namePascalCase":"RentalId","nameCamelCase":"rentalId","className":"Long","isKey":false},{"_type":"org.uengine.model.FieldDescriptor","name":"bikeId","namePascalCase":"BikeId","nameCamelCase":"bikeId","className":"Long","isKey":false},{"_type":"org.uengine.model.FieldDescriptor","name":"userName","namePascalCase":"UserName","nameCamelCase":"userName","className":"String","isKey":false},{"_type":"org.uengine.model.FieldDescriptor","name":"bikeName","namePascalCase":"BikeName","nameCamelCase":"bikeName","className":"String","isKey":false},{"_type":"org.uengine.model.FieldDescriptor","name":"voucherCnt","namePascalCase":"VoucherCnt","nameCamelCase":"voucherCnt","className":"Long","isKey":false}],"elementView":{"_type":"org.uengine.modeling.model.View","id":"7bc17c4c-5f91-71e9-01b4-a5c2b9998285","x":962,"y":1144,"width":100,"height":100,"style":"{}"},"editingView":false,"dataProjection":"cqrs","createRules":[{"_type":"viewStoreRule","operation":"CREATE","when":{"_type":"org.uengine.modeling.model.Event","name":"UserRegistered","namePascalCase":"UserRegistered","nameCamelCase":"userRegistered","namePlural":"userRegistereds","aggregate":{},"boundedContext":{},"fieldDescriptors":[{"_type":"org.uengine.model.FieldDescriptor","name":"id","className":"Long","nameCamelCase":"id","namePascalCase":"Id","isKey":true},{"_type":"org.uengine.model.FieldDescriptor","name":"userName","namePascalCase":"UserName","nameCamelCase":"userName","className":"String","isKey":false}],"elementView":{"_type":"org.uengine.modeling.model.Event","id":"7b2e3d87-2bb4-d1f8-cf11-2c7e047e93b3","x":1078,"y":584,"width":100,"height":100,"style":"{}","angle":0},"alertURL":"/static/image/symbol/alert-icon.png","checkAlert":true,"relationPolicyInfo":[],"relationCommandInfo":[],"trigger":"@PostPersist","selected":false},"fieldMapping":[{"viewField":{"_type":"org.uengine.model.FieldDescriptor","name":"userId","namePascalCase":"UserId","nameCamelCase":"userId","className":"Long","isKey":true},"eventField":{"_type":"org.uengine.model.FieldDescriptor","name":"id","className":"Long","nameCamelCase":"id","namePascalCase":"Id","isKey":true}},{"viewField":{"_type":"org.uengine.model.FieldDescriptor","name":"userName","namePascalCase":"UserName","nameCamelCase":"userName","className":"String","isKey":false},"eventField":{"_type":"org.uengine.model.FieldDescriptor","name":"userName","namePascalCase":"UserName","nameCamelCase":"userName","className":"String","isKey":false}}],"where":[{"viewField":null,"eventField":null}]}],"updateRules":[{"_type":"viewStoreRule","operation":"UPDATE","when":{"_type":"org.uengine.modeling.model.Event","name":"UserUpdated","namePascalCase":"UserUpdated","nameCamelCase":"userUpdated","namePlural":"userUpdateds","aggregate":{},"boundedContext":{},"fieldDescriptors":[{"_type":"org.uengine.model.FieldDescriptor","name":"id","className":"Long","nameCamelCase":"id","namePascalCase":"Id","isKey":true},{"_type":"org.uengine.model.FieldDescriptor","name":"userName","namePascalCase":"UserName","nameCamelCase":"userName","className":"String","isKey":false}],"elementView":{"_type":"org.uengine.modeling.model.Event","id":"e9a49184-f44c-563c-965b-a32ac285f04b","x":1078,"y":705,"width":100,"height":100,"style":"{}","angle":0},"alertURL":"/static/image/symbol/alert-icon.png","checkAlert":true,"relationPolicyInfo":[],"relationCommandInfo":[],"trigger":"@PostUpdate","selected":false},"fieldMapping":[{"viewField":{"_type":"org.uengine.model.FieldDescriptor","name":"userName","namePascalCase":"UserName","nameCamelCase":"userName","className":"String","isKey":false},"eventField":{"_type":"org.uengine.model.FieldDescriptor","name":"userName","namePascalCase":"UserName","nameCamelCase":"userName","className":"String","isKey":false}}],"where":[{"viewField":{"_type":"org.uengine.model.FieldDescriptor","name":"userId","namePascalCase":"UserId","nameCamelCase":"userId","className":"Long","isKey":true},"eventField":{"_type":"org.uengine.model.FieldDescriptor","name":"id","className":"Long","nameCamelCase":"id","namePascalCase":"Id","isKey":true}}]},{"_type":"viewStoreRule","operation":"UPDATE","when":{"_type":"org.uengine.modeling.model.Event","name":"VoucherBought","namePascalCase":"VoucherBought","nameCamelCase":"voucherBought","namePlural":"voucherBoughts","aggregate":{},"boundedContext":{},"fieldDescriptors":[{"_type":"org.uengine.model.FieldDescriptor","name":"id","className":"Long","nameCamelCase":"id","namePascalCase":"Id","isKey":true},{"_type":"org.uengine.model.FieldDescriptor","name":"userId","namePascalCase":"UserId","nameCamelCase":"userId","className":"Long","isKey":false},{"_type":"org.uengine.model.FieldDescriptor","name":"voucherCnt","namePascalCase":"VoucherCnt","nameCamelCase":"voucherCnt","className":"Long","isKey":false}],"elementView":{"_type":"org.uengine.modeling.model.Event","id":"d0b1c1e7-1226-afaf-0a7e-4ab19d03eda3","x":1967,"y":659,"width":100,"height":100,"style":"{}","angle":0},"alertURL":"/static/image/symbol/alert-icon.png","checkAlert":true,"relationPolicyInfo":[],"relationCommandInfo":[],"trigger":"@PostPersist","selected":false},"fieldMapping":[{"viewField":{"_type":"org.uengine.model.FieldDescriptor","name":"voucherId","namePascalCase":"VoucherId","nameCamelCase":"voucherId","className":"Long","isKey":false},"eventField":{"_type":"org.uengine.model.FieldDescriptor","name":"id","className":"Long","nameCamelCase":"id","namePascalCase":"Id","isKey":true}},{"viewField":{"_type":"org.uengine.model.FieldDescriptor","name":"voucherCnt","namePascalCase":"VoucherCnt","nameCamelCase":"voucherCnt","className":"Long","isKey":false},"eventField":{"_type":"org.uengine.model.FieldDescriptor","name":"voucherCnt","namePascalCase":"VoucherCnt","nameCamelCase":"voucherCnt","className":"Long","isKey":false}}],"where":[{"viewField":{"_type":"org.uengine.model.FieldDescriptor","name":"userId","namePascalCase":"UserId","nameCamelCase":"userId","className":"Long","isKey":true},"eventField":{"_type":"org.uengine.model.FieldDescriptor","name":"userId","namePascalCase":"UserId","nameCamelCase":"userId","className":"Long","isKey":false}}]},{"_type":"viewStoreRule","operation":"UPDATE","when":{"_type":"org.uengine.modeling.model.Event","name":"VoucherMinus","namePascalCase":"VoucherMinus","nameCamelCase":"voucherMinus","namePlural":"voucherMinuses","aggregate":{},"boundedContext":{},"fieldDescriptors":[{"_type":"org.uengine.model.FieldDescriptor","name":"id","className":"Long","nameCamelCase":"id","namePascalCase":"Id","isKey":true},{"_type":"org.uengine.model.FieldDescriptor","name":"userId","namePascalCase":"UserId","nameCamelCase":"userId","className":"Long","isKey":false},{"_type":"org.uengine.model.FieldDescriptor","name":"voucherCnt","namePascalCase":"VoucherCnt","nameCamelCase":"voucherCnt","className":"Long","isKey":false}],"elementView":{"_type":"org.uengine.modeling.model.Event","id":"5ff9c9e9-d33b-0731-dc9f-bc9f25a3418b","x":1964,"y":807,"width":100,"height":100,"style":"{}","angle":0},"alertURL":"/static/image/symbol/alert-icon.png","checkAlert":true,"relationPolicyInfo":[],"relationCommandInfo":[],"trigger":"@PostUpdate","selected":false},"fieldMapping":[{"viewField":{"_type":"org.uengine.model.FieldDescriptor","name":"voucherCnt","namePascalCase":"VoucherCnt","nameCamelCase":"voucherCnt","className":"Long","isKey":false},"eventField":{"_type":"org.uengine.model.FieldDescriptor","name":"voucherCnt","namePascalCase":"VoucherCnt","nameCamelCase":"voucherCnt","className":"Long","isKey":false}}],"where":[{"viewField":{"_type":"org.uengine.model.FieldDescriptor","name":"voucherId","namePascalCase":"VoucherId","nameCamelCase":"voucherId","className":"Long","isKey":false},"eventField":{"_type":"org.uengine.model.FieldDescriptor","name":"id","className":"Long","nameCamelCase":"id","namePascalCase":"Id","isKey":true}}]},{"_type":"viewStoreRule","operation":"UPDATE","when":{"_type":"org.uengine.modeling.model.Event","name":"VoucherPlus","namePascalCase":"VoucherPlus","nameCamelCase":"voucherPlus","namePlural":"voucherPluses","aggregate":{},"boundedContext":{},"fieldDescriptors":[{"_type":"org.uengine.model.FieldDescriptor","name":"id","className":"Long","nameCamelCase":"id","namePascalCase":"Id","isKey":true},{"_type":"org.uengine.model.FieldDescriptor","name":"userId","namePascalCase":"UserId","nameCamelCase":"userId","className":"Long","isKey":false},{"_type":"org.uengine.model.FieldDescriptor","name":"voucherCnt","namePascalCase":"VoucherCnt","nameCamelCase":"voucherCnt","className":"Long","isKey":false}],"elementView":{"_type":"org.uengine.modeling.model.Event","id":"9e3017cf-088f-32c1-3705-dbaf3f0d04fb","x":1970,"y":956,"width":100,"height":100,"style":"{}","angle":0},"alertURL":"/static/image/symbol/alert-icon.png","checkAlert":true,"relationPolicyInfo":[],"relationCommandInfo":[],"trigger":"@PostUpdate","selected":false},"fieldMapping":[{"viewField":{"_type":"org.uengine.model.FieldDescriptor","name":"voucherCnt","namePascalCase":"VoucherCnt","nameCamelCase":"voucherCnt","className":"Long","isKey":false},"eventField":{"_type":"org.uengine.model.FieldDescriptor","name":"voucherCnt","namePascalCase":"VoucherCnt","nameCamelCase":"voucherCnt","className":"Long","isKey":false}}],"where":[{"viewField":{"_type":"org.uengine.model.FieldDescriptor","name":"voucherId","namePascalCase":"VoucherId","nameCamelCase":"voucherId","className":"Long","isKey":false},"eventField":{"_type":"org.uengine.model.FieldDescriptor","name":"id","className":"Long","nameCamelCase":"id","namePascalCase":"Id","isKey":true}}]},{"_type":"viewStoreRule","operation":"UPDATE","when":{"_type":"org.uengine.modeling.model.Event","name":"Rented","namePascalCase":"Rented","nameCamelCase":"rented","namePlural":"renteds","aggregate":{},"boundedContext":{},"fieldDescriptors":[{"_type":"org.uengine.model.FieldDescriptor","name":"id","className":"Long","nameCamelCase":"id","namePascalCase":"Id","isKey":true},{"_type":"org.uengine.model.FieldDescriptor","name":"userId","namePascalCase":"UserId","nameCamelCase":"userId","className":"Long","isKey":false},{"_type":"org.uengine.model.FieldDescriptor","name":"bikeId","namePascalCase":"BikeId","nameCamelCase":"bikeId","className":"Long","isKey":false},{"_type":"org.uengine.model.FieldDescriptor","name":"voucherId","namePascalCase":"VoucherId","nameCamelCase":"voucherId","className":"Long","isKey":false}],"elementView":{"_type":"org.uengine.modeling.model.Event","id":"1f4f9ca6-8f40-069b-be83-5e56993167ec","x":1180,"y":1581,"width":100,"height":100,"style":"{}","angle":0},"alertURL":"/static/image/symbol/alert-icon.png","checkAlert":true,"relationPolicyInfo":[],"relationCommandInfo":[],"trigger":"@PostUpdate","selected":false},"fieldMapping":[{"viewField":{"_type":"org.uengine.model.FieldDescriptor","name":"rentalId","namePascalCase":"RentalId","nameCamelCase":"rentalId","className":"Long","isKey":false},"eventField":{"_type":"org.uengine.model.FieldDescriptor","name":"id","className":"Long","nameCamelCase":"id","namePascalCase":"Id","isKey":true}},{"viewField":{"_type":"org.uengine.model.FieldDescriptor","name":"bikeId","namePascalCase":"BikeId","nameCamelCase":"bikeId","className":"Long","isKey":false},"eventField":{"_type":"org.uengine.model.FieldDescriptor","name":"bikeId","namePascalCase":"BikeId","nameCamelCase":"bikeId","className":"Long","isKey":false}}],"where":[{"viewField":{"_type":"org.uengine.model.FieldDescriptor","name":"userId","namePascalCase":"UserId","nameCamelCase":"userId","className":"Long","isKey":true},"eventField":{"_type":"org.uengine.model.FieldDescriptor","name":"userId","namePascalCase":"UserId","nameCamelCase":"userId","className":"Long","isKey":false}}]},{"_type":"viewStoreRule","operation":"UPDATE","when":{"_type":"org.uengine.modeling.model.Event","name":"BikeRented","namePascalCase":"BikeRented","nameCamelCase":"bikeRented","namePlural":"bikeRenteds","aggregate":{},"boundedContext":{},"fieldDescriptors":[{"_type":"org.uengine.model.FieldDescriptor","name":"id","className":"Long","nameCamelCase":"id","namePascalCase":"Id","isKey":true},{"_type":"org.uengine.model.FieldDescriptor","name":"status","namePascalCase":"Status","nameCamelCase":"status","className":"String","isKey":false},{"_type":"org.uengine.model.FieldDescriptor","name":"bikeName","namePascalCase":"BikeName","nameCamelCase":"bikeName","className":"String","isKey":false}],"elementView":{"_type":"org.uengine.modeling.model.Event","id":"ada4ac3c-1179-df84-861d-968ceb0576f4","x":2478,"y":1546,"width":100,"height":100,"style":"{}","angle":0},"alertURL":"/static/image/symbol/alert-icon.png","checkAlert":true,"relationPolicyInfo":[],"relationCommandInfo":[],"trigger":"@PostUpdate","selected":false},"fieldMapping":[{"viewField":{"_type":"org.uengine.model.FieldDescriptor","name":"bikeName","namePascalCase":"BikeName","nameCamelCase":"bikeName","className":"String","isKey":false},"eventField":{"_type":"org.uengine.model.FieldDescriptor","name":"bikeName","namePascalCase":"BikeName","nameCamelCase":"bikeName","className":"String","isKey":false}}],"where":[{"viewField":{"_type":"org.uengine.model.FieldDescriptor","name":"bikeId","namePascalCase":"BikeId","nameCamelCase":"bikeId","className":"Long","isKey":false},"eventField":{"_type":"org.uengine.model.FieldDescriptor","name":"id","className":"Long","nameCamelCase":"id","namePascalCase":"Id","isKey":true}}]},{"_type":"viewStoreRule","operation":"UPDATE","when":{"_type":"org.uengine.modeling.model.Event","name":"RentalCancelled","namePascalCase":"RentalCancelled","nameCamelCase":"rentalCancelled","namePlural":"rentalCancelleds","aggregate":{},"boundedContext":{},"fieldDescriptors":[{"_type":"org.uengine.model.FieldDescriptor","name":"id","className":"Long","nameCamelCase":"id","namePascalCase":"Id","isKey":true},{"_type":"org.uengine.model.FieldDescriptor","name":"userId","namePascalCase":"UserId","nameCamelCase":"userId","className":"Long","isKey":false},{"_type":"org.uengine.model.FieldDescriptor","name":"voucherId","namePascalCase":"VoucherId","nameCamelCase":"voucherId","className":"Long","isKey":false},{"_type":"org.uengine.model.FieldDescriptor","name":"bikeId","namePascalCase":"BikeId","nameCamelCase":"bikeId","className":"Long","isKey":false}],"elementView":{"_type":"org.uengine.modeling.model.Event","id":"e1ee5d23-a8c6-0c1e-9b32-a5c8b5e8d16b","x":1183,"y":1707,"width":100,"height":100,"style":"{}","angle":0},"alertURL":"/static/image/symbol/alert-icon.png","checkAlert":true,"relationPolicyInfo":[],"relationCommandInfo":[],"trigger":"@PreRemove","selected":false},"fieldMapping":[{"viewField":{"_type":"org.uengine.model.FieldDescriptor","name":"rentalId","namePascalCase":"RentalId","nameCamelCase":"rentalId","className":"Long","isKey":false},"eventField":{"_type":"org.uengine.model.FieldDescriptor","name":"id","className":"Long","nameCamelCase":"id","namePascalCase":"Id","isKey":true}},{"viewField":{"_type":"org.uengine.model.FieldDescriptor","name":"bikeId","namePascalCase":"BikeId","nameCamelCase":"bikeId","className":"Long","isKey":false},"eventField":{"_type":"org.uengine.model.FieldDescriptor","name":"bikeId","namePascalCase":"BikeId","nameCamelCase":"bikeId","className":"Long","isKey":false}}],"where":[{"viewField":{"_type":"org.uengine.model.FieldDescriptor","name":"userId","namePascalCase":"UserId","nameCamelCase":"userId","className":"Long","isKey":true},"eventField":{"_type":"org.uengine.model.FieldDescriptor","name":"userId","namePascalCase":"UserId","nameCamelCase":"userId","className":"Long","isKey":false}}]},{"_type":"viewStoreRule","operation":"UPDATE","when":{"_type":"org.uengine.modeling.model.Event","name":"BikeRentalCancelled","namePascalCase":"BikeRentalCancelled","nameCamelCase":"bikeRentalCancelled","namePlural":"bikeRentalCancelleds","aggregate":{},"boundedContext":{},"fieldDescriptors":[{"_type":"org.uengine.model.FieldDescriptor","name":"id","className":"Long","nameCamelCase":"id","namePascalCase":"Id","isKey":true},{"_type":"org.uengine.model.FieldDescriptor","name":"status","namePascalCase":"Status","nameCamelCase":"status","className":"String","isKey":false},{"_type":"org.uengine.model.FieldDescriptor","name":"bikeName","namePascalCase":"BikeName","nameCamelCase":"bikeName","className":"String","isKey":false}],"elementView":{"_type":"org.uengine.modeling.model.Event","id":"6a984354-5ecf-12a4-c996-8ea462635204","x":2480,"y":1677,"width":100,"height":100,"style":"{}","angle":0},"alertURL":"/static/image/symbol/alert-icon.png","checkAlert":true,"relationPolicyInfo":[],"relationCommandInfo":[],"trigger":"@PostUpdate","selected":false},"fieldMapping":[{"viewField":{"_type":"org.uengine.model.FieldDescriptor","name":"bikeName","namePascalCase":"BikeName","nameCamelCase":"bikeName","className":"String","isKey":false},"eventField":{"_type":"org.uengine.model.FieldDescriptor","name":"bikeName","namePascalCase":"BikeName","nameCamelCase":"bikeName","className":"String","isKey":false}}],"where":[{"viewField":{"_type":"org.uengine.model.FieldDescriptor","name":"bikeId","namePascalCase":"BikeId","nameCamelCase":"bikeId","className":"Long","isKey":false},"eventField":{"_type":"org.uengine.model.FieldDescriptor","name":"id","className":"Long","nameCamelCase":"id","namePascalCase":"Id","isKey":true}}]}],"deleteRules":[{"_type":"viewStoreRule","operation":"DELETE","when":{"_type":"org.uengine.modeling.model.Event","name":"UserDeleted","namePascalCase":"UserDeleted","nameCamelCase":"userDeleted","namePlural":"userDeleteds","aggregate":{},"boundedContext":{},"fieldDescriptors":[{"_type":"org.uengine.model.FieldDescriptor","name":"id","className":"Long","nameCamelCase":"id","namePascalCase":"Id","isKey":true}],"elementView":{"_type":"org.uengine.modeling.model.Event","id":"4b609ece-70e6-f8e6-140a-401f99e58e10","x":1079,"y":834,"width":100,"height":100,"style":"{}","angle":0},"alertURL":"/static/image/symbol/alert-icon.png","checkAlert":true,"relationPolicyInfo":[],"relationCommandInfo":[],"trigger":"@PreRemove","selected":false},"fieldMapping":[{"viewField":null,"eventField":null}],"where":[{"viewField":{"_type":"org.uengine.model.FieldDescriptor","name":"userId","namePascalCase":"UserId","nameCamelCase":"userId","className":"Long","isKey":true},"eventField":{"_type":"org.uengine.model.FieldDescriptor","name":"id","className":"Long","nameCamelCase":"id","namePascalCase":"Id","isKey":true}}]}],"nameCamelCase":"myPage","selected":false},{"_type":"org.uengine.modeling.model.BoundedContext","name":"myPage","namePlural":"myPages","namePascalCase":"MyPage","aggregates":[],"policies":[],"viewes":[],"elementView":{"_type":"org.uengine.modeling.model.BoundedContext","id":"001559e7-ec59-6ea1-e848-cdd55fb80c40","x":960,"y":1122,"width":300,"height":236,"style":"{}"},"portGenerated":0,"groups":[],"tempId":"","selected":false},{"_type":"org.uengine.modeling.model.BoundedContext","name":"user","namePlural":"users","namePascalCase":"User","aggregates":[],"policies":[],"viewes":[],"elementView":{"_type":"org.uengine.modeling.model.BoundedContext","id":"cd18c741-e908-e22b-513a-4d63b73dbfa7","x":982,"y":672,"width":468,"height":512,"style":"{}"},"portGenerated":0,"groups":[],"tempId":"","selected":false},{"_type":"org.uengine.modeling.model.BoundedContext","name":"voucher","namePlural":"vouchers","namePascalCase":"Voucher","aggregates":[],"policies":[],"viewes":[],"elementView":{"_type":"org.uengine.modeling.model.BoundedContext","id":"73426bda-c4b3-a00e-21cb-ca10bcc2d5cd","x":1829,"y":782,"width":502,"height":724,"style":"{}"},"portGenerated":0,"groups":[],"tempId":"","selected":false},{"_type":"org.uengine.modeling.model.BoundedContext","name":"rental","namePlural":"rentals","namePascalCase":"Rental","aggregates":[],"policies":[],"viewes":[],"elementView":{"_type":"org.uengine.modeling.model.BoundedContext","id":"21cf4fd5-02f2-b3dc-7a15-5fad1cc692c2","x":1044,"y":1571,"width":512,"height":546,"style":"{}"},"portGenerated":0,"groups":[],"tempId":"","selected":false},{"_type":"org.uengine.modeling.model.BoundedContext","name":"bike","namePlural":"bikes","namePascalCase":"Bike","aggregates":[],"policies":[],"viewes":[],"elementView":{"_type":"org.uengine.modeling.model.BoundedContext","id":"89ede208-c80b-bb9c-bbd8-ddd3d0ee3e86","x":2308,"y":1589,"width":544,"height":646,"style":"{}"},"portGenerated":0,"groups":[],"tempId":"","selected":false},{"_type":"org.uengine.modeling.model.Actor","name":"customer","innerAggregate":{"event":[],"command":[],"view":[],"policy":[],"external":[]},"elementView":{"_type":"org.uengine.modeling.model.Actor","id":"4daee5a3-9afb-aa47-9f8e-bb1ea8fa7243","x":816,"y":685,"width":100,"height":398,"style":"{}"},"boundedContext":null,"namePascalCase":"Customer","selected":false},{"_type":"org.uengine.modeling.model.Command","name":"voucherBuy","namePlural":"voucherBuys","namePascalCase":"VoucherBuy","nameCamelCase":"voucherBuy","aggregate":{},"boundedContext":{},"elementView":{"_type":"org.uengine.modeling.model.Command","id":"a9874af0-95c7-3b98-3843-21446fb58b99","x":1804,"y":656,"width":100,"height":100,"style":"{}","z-index":999},"isRestRepository":true,"controllerInfo":{"apiPath":"","method":"GET"},"restRepositoryInfo":{"method":"GET"},"relationEventInfo":[],"selected":false},{"_type":"org.uengine.modeling.model.Actor","name":"customer","innerAggregate":{"event":[],"command":[],"view":[],"policy":[],"external":[]},"elementView":{"_type":"org.uengine.modeling.model.Actor","id":"7f38b5af-b9b0-94f3-dbfd-a2c6f037dd39","x":1676,"y":696,"width":100,"height":376,"style":"{}"},"boundedContext":null,"namePascalCase":"Customer","selected":false},{"_type":"org.uengine.modeling.model.Actor","name":"customer","innerAggregate":{"event":[],"command":[],"view":[],"policy":[],"external":[]},"elementView":{"_type":"org.uengine.modeling.model.Actor","id":"e4134af3-b1f9-7535-a148-bec0f26a5422","x":876,"y":1590,"width":100,"height":364,"style":"{}"},"boundedContext":null,"namePascalCase":"Customer","selected":false},{"_type":"org.uengine.modeling.model.Actor","name":"manager","innerAggregate":{"event":[],"command":[],"view":[],"policy":[],"external":[]},"elementView":{"_type":"org.uengine.modeling.model.Actor","id":"406d7742-1f46-42e9-2771-1b5e63cc3015","x":2131,"y":1592,"width":100,"height":536,"style":"{}"},"boundedContext":null,"namePascalCase":"Manager","selected":false},{"_type":"org.uengine.modeling.model.Policy","name":"rentalCancel","namePascalCase":"RentalCancel","nameCamelCase":"rentalCancel","namePlural":"rentalCancels","boundedContext":{},"elementView":{"_type":"org.uengine.modeling.model.Policy","id":"aeb17127-88fd-1351-7f3b-de3d8f83f88f","x":1805,"y":949,"width":100,"height":100,"style":"{}"},"relationEventInfo":[],"selected":false},{"_type":"org.uengine.modeling.model.Event","name":"VoucherPlus","namePascalCase":"VoucherPlus","nameCamelCase":"voucherPlus","namePlural":"voucherPluses","aggregate":{},"boundedContext":{},"fieldDescriptors":[{"_type":"org.uengine.model.FieldDescriptor","name":"id","className":"Long","nameCamelCase":"id","namePascalCase":"Id","isKey":true},{"_type":"org.uengine.model.FieldDescriptor","name":"userId","namePascalCase":"UserId","nameCamelCase":"userId","className":"Long","isKey":false},{"_type":"org.uengine.model.FieldDescriptor","name":"voucherCnt","namePascalCase":"VoucherCnt","nameCamelCase":"voucherCnt","className":"Long","isKey":false}],"elementView":{"_type":"org.uengine.modeling.model.Event","id":"9e3017cf-088f-32c1-3705-dbaf3f0d04fb","x":1970,"y":956,"width":100,"height":100,"style":"{}","angle":0},"alertURL":"/static/image/symbol/alert-icon.png","checkAlert":true,"relationPolicyInfo":[],"relationCommandInfo":[],"trigger":"@PostUpdate","selected":false},{"_type":"org.uengine.modeling.model.Policy","name":"rentalCancel","namePascalCase":"RentalCancel","nameCamelCase":"rentalCancel","namePlural":"rentalCancels","boundedContext":{},"elementView":{"_type":"org.uengine.modeling.model.Policy","id":"29bedb54-d594-e98a-dc20-50ef16719319","x":2298,"y":1675,"width":100,"height":100,"style":"{}"},"relationEventInfo":[],"selected":false},{"_type":"org.uengine.modeling.model.Command","name":"rent","namePlural":"rents","namePascalCase":"Rent","nameCamelCase":"rent","aggregate":{},"boundedContext":{},"elementView":{"_type":"org.uengine.modeling.model.Command","id":"a4b5995a-94c9-166a-1762-6f4f8081554e","x":1804,"y":807,"width":100,"height":100,"style":"{}","z-index":999},"isRestRepository":true,"controllerInfo":{"apiPath":"","method":"GET"},"restRepositoryInfo":{"method":"GET"},"relationEventInfo":[],"selected":false},{"_type":"org.uengine.modeling.model.Command","name":"rent","namePlural":"rents","namePascalCase":"Rent","nameCamelCase":"rent","aggregate":{},"boundedContext":{},"elementView":{"_type":"org.uengine.modeling.model.Command","id":"938a7a2b-7570-876a-0a84-e1c9b53eedd9","x":2300,"y":1548,"width":100,"height":100,"style":"{}","z-index":999},"isRestRepository":true,"controllerInfo":{"apiPath":"","method":"GET"},"restRepositoryInfo":{"method":"GET"},"relationEventInfo":[],"selected":false},{"_type":"org.uengine.modeling.model.Event","name":"BikeRentalCancelled","namePascalCase":"BikeRentalCancelled","nameCamelCase":"bikeRentalCancelled","namePlural":"bikeRentalCancelleds","aggregate":{},"boundedContext":{},"fieldDescriptors":[{"_type":"org.uengine.model.FieldDescriptor","name":"id","className":"Long","nameCamelCase":"id","namePascalCase":"Id","isKey":true},{"_type":"org.uengine.model.FieldDescriptor","name":"status","namePascalCase":"Status","nameCamelCase":"status","className":"String","isKey":false},{"_type":"org.uengine.model.FieldDescriptor","name":"bikeName","namePascalCase":"BikeName","nameCamelCase":"bikeName","className":"String","isKey":false}],"elementView":{"_type":"org.uengine.modeling.model.Event","id":"6a984354-5ecf-12a4-c996-8ea462635204","x":2480,"y":1677,"width":100,"height":100,"style":"{}","angle":0},"alertURL":"/static/image/symbol/alert-icon.png","checkAlert":true,"relationPolicyInfo":[],"relationCommandInfo":[],"trigger":"@PostUpdate","selected":false},{"_type":"org.uengine.modeling.model.Command","name":"getStatus","namePlural":"getStatuses","namePascalCase":"GetStatus","nameCamelCase":"getStatus","aggregate":{},"boundedContext":{},"elementView":{"_type":"org.uengine.modeling.model.Command","id":"d4db4311-1651-1be9-f92f-f5477d83778b","x":1806,"y":1071,"width":100,"height":100,"style":"{}","z-index":999},"isRestRepository":true,"controllerInfo":{"apiPath":"","method":"GET"},"restRepositoryInfo":{"method":"GET"},"relationEventInfo":[],"selected":false},{"_type":"org.uengine.modeling.model.Event","name":"CheckStatus","namePascalCase":"CheckStatus","nameCamelCase":"checkStatus","namePlural":"checkStatuses","aggregate":{},"boundedContext":{},"fieldDescriptors":[{"_type":"org.uengine.model.FieldDescriptor","name":"id","className":"Long","nameCamelCase":"id","namePascalCase":"Id","isKey":true},{"_type":"org.uengine.model.FieldDescriptor","name":"userId","namePascalCase":"UserId","nameCamelCase":"userId","className":"Long","isKey":false},{"_type":"org.uengine.model.FieldDescriptor","name":"voucherId","namePascalCase":"VoucherId","nameCamelCase":"voucherId","className":"Long","isKey":false}],"elementView":{"_type":"org.uengine.modeling.model.Event","id":"f784b678-3455-a0dd-20da-87de9fd08b42","x":1180,"y":1452,"width":100,"height":100,"style":"{}","angle":0},"alertURL":"/static/image/symbol/alert-icon.png","checkAlert":true,"relationPolicyInfo":[],"relationCommandInfo":[],"trigger":"@PostPersist","selected":false},{"_type":"org.uengine.modeling.model.Command","name":"checkStatus","namePlural":"checkStatuses","namePascalCase":"CheckStatus","nameCamelCase":"checkStatus","aggregate":{},"boundedContext":{},"elementView":{"_type":"org.uengine.modeling.model.Command","id":"b47af026-9532-b8f2-1f9b-78e47ba4f3ea","x":1004,"y":1454,"width":100,"height":100,"style":"{}","z-index":999},"isRestRepository":true,"controllerInfo":{"apiPath":"","method":"GET"},"restRepositoryInfo":{"method":"GET"},"relationEventInfo":[],"selected":false},{"_type":"org.uengine.modeling.model.Event","name":"GetStatus","namePascalCase":"GetStatus","nameCamelCase":"getStatus","namePlural":"getStatuses","aggregate":{},"boundedContext":{},"fieldDescriptors":[{"_type":"org.uengine.model.FieldDescriptor","name":"id","className":"Long","nameCamelCase":"id","namePascalCase":"Id","isKey":true},{"_type":"org.uengine.model.FieldDescriptor","name":"userId","namePascalCase":"UserId","nameCamelCase":"userId","className":"Long","isKey":false},{"_type":"org.uengine.model.FieldDescriptor","name":"voucherCnt","namePascalCase":"VoucherCnt","nameCamelCase":"voucherCnt","className":"Long","isKey":false}],"elementView":{"_type":"org.uengine.modeling.model.Event","id":"59c65d0d-e9ca-1510-64cf-8cc826411ee0","x":1968,"y":1072,"width":100,"height":100,"style":"{}","angle":0},"alertURL":"/static/image/symbol/alert-icon.png","checkAlert":true,"relationPolicyInfo":[],"relationCommandInfo":[],"trigger":"@PostPersist","selected":false}],"relation":[{"_type":"org.uengine.modeling.model.Relation","name":"Pub/Sub","sourceElement":{"_type":"org.uengine.modeling.model.Event","name":"RentalCancelled","namePascalCase":"RentalCancelled","nameCamelCase":"rentalCancelled","namePlural":"rentalCancelleds","aggregate":{},"boundedContext":{},"fieldDescriptors":[{"_type":"org.uengine.model.FieldDescriptor","name":"id","className":"Long","nameCamelCase":"id","namePascalCase":"Id","isKey":true},{"_type":"org.uengine.model.FieldDescriptor","name":"userId","namePascalCase":"UserId","nameCamelCase":"userId","className":"Long","isKey":false},{"_type":"org.uengine.model.FieldDescriptor","name":"voucherId","namePascalCase":"VoucherId","nameCamelCase":"voucherId","className":"Long","isKey":false},{"_type":"org.uengine.model.FieldDescriptor","name":"bikeId","namePascalCase":"BikeId","nameCamelCase":"bikeId","className":"Long","isKey":false}],"elementView":{"_type":"org.uengine.modeling.model.Event","id":"e1ee5d23-a8c6-0c1e-9b32-a5c8b5e8d16b","x":1183,"y":1707,"width":100,"height":100,"style":"{}","angle":0},"alertURL":"/static/image/symbol/alert-icon.png","checkAlert":true,"relationPolicyInfo":[],"relationCommandInfo":[],"trigger":"@PreRemove","selected":false},"targetElement":{"_type":"org.uengine.modeling.model.Policy","name":"rentalCancel","namePascalCase":"RentalCancel","nameCamelCase":"rentalCancel","namePlural":"rentalCancels","boundedContext":{},"elementView":{"_type":"org.uengine.modeling.model.Policy","id":"aeb17127-88fd-1351-7f3b-de3d8f83f88f","x":1805,"y":949,"width":100,"height":100,"style":"{}"},"relationEventInfo":[],"selected":false},"from":"e1ee5d23-a8c6-0c1e-9b32-a5c8b5e8d16b","to":"aeb17127-88fd-1351-7f3b-de3d8f83f88f","relationView":{"id":"f14af150-c043-12bc-eb13-3eb64c8a71cd","style":"{\"arrow-start\":\"none\",\"arrow-end\":\"none\"}","value":"[[1233,1708],[1360,1708],[1360,948],[1755,948]]","from":"e1ee5d23-a8c6-0c1e-9b32-a5c8b5e8d16b","to":"aeb17127-88fd-1351-7f3b-de3d8f83f88f","needReconnect":true},"sourceMultiplicity":1,"targetMultiplicity":1,"selected":false},{"_type":"org.uengine.modeling.model.Relation","name":"Pub/Sub","sourceElement":{"_type":"org.uengine.modeling.model.Event","name":"RentalCancelled","namePascalCase":"RentalCancelled","nameCamelCase":"rentalCancelled","namePlural":"rentalCancelleds","aggregate":{},"boundedContext":{},"fieldDescriptors":[{"_type":"org.uengine.model.FieldDescriptor","name":"id","className":"Long","nameCamelCase":"id","namePascalCase":"Id","isKey":true},{"_type":"org.uengine.model.FieldDescriptor","name":"userId","namePascalCase":"UserId","nameCamelCase":"userId","className":"Long","isKey":false},{"_type":"org.uengine.model.FieldDescriptor","name":"voucherId","namePascalCase":"VoucherId","nameCamelCase":"voucherId","className":"Long","isKey":false},{"_type":"org.uengine.model.FieldDescriptor","name":"bikeId","namePascalCase":"BikeId","nameCamelCase":"bikeId","className":"Long","isKey":false}],"elementView":{"_type":"org.uengine.modeling.model.Event","id":"e1ee5d23-a8c6-0c1e-9b32-a5c8b5e8d16b","x":1183,"y":1707,"width":100,"height":100,"style":"{}","angle":0},"alertURL":"/static/image/symbol/alert-icon.png","checkAlert":true,"relationPolicyInfo":[],"relationCommandInfo":[],"trigger":"@PreRemove","selected":false},"targetElement":{"_type":"org.uengine.modeling.model.Policy","name":"rentalCancel","namePascalCase":"RentalCancel","nameCamelCase":"rentalCancel","namePlural":"rentalCancels","boundedContext":{},"elementView":{"_type":"org.uengine.modeling.model.Policy","id":"29bedb54-d594-e98a-dc20-50ef16719319","x":2298,"y":1675,"width":100,"height":100,"style":"{}"},"relationEventInfo":[],"selected":false},"from":"e1ee5d23-a8c6-0c1e-9b32-a5c8b5e8d16b","to":"29bedb54-d594-e98a-dc20-50ef16719319","relationView":{"id":"6df7aca9-eb54-3b1a-968c-0e1ac4a3405f","style":"{\"arrow-start\":\"none\",\"arrow-end\":\"none\"}","value":"[[1233,1708],[1504,1708],[1504,1676],[2248,1676]]","from":"e1ee5d23-a8c6-0c1e-9b32-a5c8b5e8d16b","to":"29bedb54-d594-e98a-dc20-50ef16719319","needReconnect":true},"sourceMultiplicity":1,"targetMultiplicity":1,"selected":false},{"_type":"org.uengine.modeling.model.Relation","name":"Req/Res","sourceElement":{"_type":"org.uengine.modeling.model.Event","name":"Rented","namePascalCase":"Rented","nameCamelCase":"rented","namePlural":"renteds","aggregate":{},"boundedContext":{},"fieldDescriptors":[{"_type":"org.uengine.model.FieldDescriptor","name":"id","className":"Long","nameCamelCase":"id","namePascalCase":"Id","isKey":true},{"_type":"org.uengine.model.FieldDescriptor","name":"userId","namePascalCase":"UserId","nameCamelCase":"userId","className":"Long","isKey":false},{"_type":"org.uengine.model.FieldDescriptor","name":"bikeId","namePascalCase":"BikeId","nameCamelCase":"bikeId","className":"Long","isKey":false},{"_type":"org.uengine.model.FieldDescriptor","name":"voucherId","namePascalCase":"VoucherId","nameCamelCase":"voucherId","className":"Long","isKey":false}],"elementView":{"_type":"org.uengine.modeling.model.Event","id":"1f4f9ca6-8f40-069b-be83-5e56993167ec","x":1180,"y":1581,"width":100,"height":100,"style":"{}","angle":0},"alertURL":"/static/image/symbol/alert-icon.png","checkAlert":true,"relationPolicyInfo":[],"relationCommandInfo":[],"trigger":"@PostUpdate","selected":false},"targetElement":{"_type":"org.uengine.modeling.model.Command","name":"rent","namePlural":"rents","namePascalCase":"Rent","nameCamelCase":"rent","aggregate":{},"boundedContext":{},"elementView":{"_type":"org.uengine.modeling.model.Command","id":"a4b5995a-94c9-166a-1762-6f4f8081554e","x":1804,"y":807,"width":100,"height":100,"style":"{}","z-index":999},"isRestRepository":true,"controllerInfo":{"apiPath":"","method":"GET"},"restRepositoryInfo":{"method":"GET"},"relationEventInfo":[],"selected":false},"from":"1f4f9ca6-8f40-069b-be83-5e56993167ec","to":"a4b5995a-94c9-166a-1762-6f4f8081554e","relationView":{"id":"6fc5109f-ec97-a564-0fdd-6f725e43eada","style":"{\"arrow-start\":\"none\",\"arrow-end\":\"none\"}","value":"[[1230,1580],[1804,1580],[1804,857]]","from":"1f4f9ca6-8f40-069b-be83-5e56993167ec","to":"a4b5995a-94c9-166a-1762-6f4f8081554e","needReconnect":true},"sourceMultiplicity":1,"targetMultiplicity":1,"selected":false},{"_type":"org.uengine.modeling.model.Relation","name":"Req/Res","sourceElement":{"_type":"org.uengine.modeling.model.Event","name":"Rented","namePascalCase":"Rented","nameCamelCase":"rented","namePlural":"renteds","aggregate":{},"boundedContext":{},"fieldDescriptors":[{"_type":"org.uengine.model.FieldDescriptor","name":"id","className":"Long","nameCamelCase":"id","namePascalCase":"Id","isKey":true},{"_type":"org.uengine.model.FieldDescriptor","name":"userId","namePascalCase":"UserId","nameCamelCase":"userId","className":"Long","isKey":false},{"_type":"org.uengine.model.FieldDescriptor","name":"bikeId","namePascalCase":"BikeId","nameCamelCase":"bikeId","className":"Long","isKey":false},{"_type":"org.uengine.model.FieldDescriptor","name":"voucherId","namePascalCase":"VoucherId","nameCamelCase":"voucherId","className":"Long","isKey":false}],"elementView":{"_type":"org.uengine.modeling.model.Event","id":"1f4f9ca6-8f40-069b-be83-5e56993167ec","x":1180,"y":1581,"width":100,"height":100,"style":"{}","angle":0},"alertURL":"/static/image/symbol/alert-icon.png","checkAlert":true,"relationPolicyInfo":[],"relationCommandInfo":[],"trigger":"@PostUpdate","selected":false},"targetElement":{"_type":"org.uengine.modeling.model.Command","name":"rent","namePlural":"rents","namePascalCase":"Rent","nameCamelCase":"rent","aggregate":{},"boundedContext":{},"elementView":{"_type":"org.uengine.modeling.model.Command","id":"938a7a2b-7570-876a-0a84-e1c9b53eedd9","x":2300,"y":1548,"width":100,"height":100,"style":"{}","z-index":999},"isRestRepository":true,"controllerInfo":{"apiPath":"","method":"GET"},"restRepositoryInfo":{"method":"GET"},"relationEventInfo":[],"selected":false},"from":"1f4f9ca6-8f40-069b-be83-5e56993167ec","to":"938a7a2b-7570-876a-0a84-e1c9b53eedd9","relationView":{"id":"669c146d-4c3c-b2f4-ba1e-542e5cf74dbb","style":"{\"arrow-start\":\"none\",\"arrow-end\":\"none\"}","value":"[[1230,1580],[1504,1580],[1504,1548],[2250,1548]]","from":"1f4f9ca6-8f40-069b-be83-5e56993167ec","to":"938a7a2b-7570-876a-0a84-e1c9b53eedd9","needReconnect":true},"sourceMultiplicity":1,"targetMultiplicity":1,"selected":false},{"_type":"org.uengine.modeling.model.Relation","name":"Req/Res","sourceElement":{"_type":"org.uengine.modeling.model.Event","name":"CheckStatus","namePascalCase":"CheckStatus","nameCamelCase":"checkStatus","namePlural":"checkStatuses","aggregate":{},"boundedContext":{},"fieldDescriptors":[{"_type":"org.uengine.model.FieldDescriptor","name":"id","className":"Long","nameCamelCase":"id","namePascalCase":"Id","isKey":true},{"_type":"org.uengine.model.FieldDescriptor","name":"userId","namePascalCase":"UserId","nameCamelCase":"userId","className":"Long","isKey":false},{"_type":"org.uengine.model.FieldDescriptor","name":"voucherId","namePascalCase":"VoucherId","nameCamelCase":"voucherId","className":"Long","isKey":false}],"elementView":{"_type":"org.uengine.modeling.model.Event","id":"f784b678-3455-a0dd-20da-87de9fd08b42","x":1180,"y":1452,"width":100,"height":100,"style":"{}","angle":0},"alertURL":"/static/image/symbol/alert-icon.png","checkAlert":true,"relationPolicyInfo":[],"relationCommandInfo":[],"trigger":"@PostPersist","selected":false},"targetElement":{"_type":"org.uengine.modeling.model.Command","name":"getStatus","namePlural":"getStatuses","namePascalCase":"GetStatus","nameCamelCase":"getStatus","aggregate":{},"boundedContext":{},"elementView":{"_type":"org.uengine.modeling.model.Command","id":"d4db4311-1651-1be9-f92f-f5477d83778b","x":1806,"y":1071,"width":100,"height":100,"style":"{}","z-index":999},"isRestRepository":true,"controllerInfo":{"apiPath":"","method":"GET"},"restRepositoryInfo":{"method":"GET"},"relationEventInfo":[],"selected":false},"from":"f784b678-3455-a0dd-20da-87de9fd08b42","to":"d4db4311-1651-1be9-f92f-f5477d83778b","relationView":{"id":"7c45cbc6-71bb-9903-928b-313493349aab","style":"{\"arrow-start\":\"none\",\"arrow-end\":\"none\"}","value":"[[1230,1452],[1468,1452],[1468,1072],[1756,1072]]","from":"f784b678-3455-a0dd-20da-87de9fd08b42","to":"d4db4311-1651-1be9-f92f-f5477d83778b","needReconnect":true},"sourceMultiplicity":1,"targetMultiplicity":1,"selected":false}]}}